{"v":"5.5.7","meta":{"g":"LottieFiles AE 0.1.20","a":"","k":"","d":"","tc":""},"fr":29.9700012207031,"ip":0,"op":210.000008553475,"w":400,"h":400,"nm":"Comp 1","ddd":0,"assets":[],"layers":[{"ddd":0,"ind":1,"ty":4,"nm":"Layer 1/Chat Outlines","sr":1,"ks":{"o":{"a":1,"k":[{"i":{"x":[0.833],"y":[0.833]},"o":{"x":[0.167],"y":[0.167]},"t":175,"s":[0]},{"i":{"x":[0.833],"y":[0.833]},"o":{"x":[0.167],"y":[0.167]},"t":185,"s":[100]},{"i":{"x":[0.833],"y":[0.833]},"o":{"x":[0.167],"y":[0.167]},"t":200,"s":[100]},{"t":210.000008553475,"s":[0]}],"ix":11},"r":{"a":0,"k":0,"ix":10},"p":{"a":1,"k":[{"i":{"x":0.833,"y":0.833},"o":{"x":0.167,"y":0.167},"t":175,"s":[83.274,199.994,0],"to":[18.813,0,0],"ti":[-18.813,0,0]},{"i":{"x":0.833,"y":0.833},"o":{"x":0.167,"y":0.167},"t":185,"s":[196.15,199.994,0],"to":[0,0,0],"ti":[0,0,0]},{"i":{"x":0.833,"y":0.833},"o":{"x":0.167,"y":0.167},"t":200,"s":[196.15,199.994,0],"to":[20.365,0,0],"ti":[-20.365,0,0]},{"t":210.000008553475,"s":[318.342,199.994,0]}],"ix":2},"a":{"a":0,"k":[140.5,126.5,0],"ix":1},"s":{"a":1,"k":[{"i":{"x":[0.833,0.833,0.833],"y":[0.833,0.833,0.833]},"o":{"x":[0.167,0.167,0.167],"y":[0.167,0.167,0.167]},"t":175,"s":[32,32,100]},{"i":{"x":[0.833,0.833,0.833],"y":[0.833,0.833,0.833]},"o":{"x":[0.167,0.167,0.167],"y":[0.167,0.167,0.167]},"t":185,"s":[72,72,100]},{"i":{"x":[0.833,0.833,0.833],"y":[0.833,0.833,0.833]},"o":{"x":[0.167,0.167,0.167],"y":[0.167,0.167,0.167]},"t":200,"s":[72,72,100]},{"t":210.000008553475,"s":[32,32,100]}],"ix":6}},"ao":0,"shapes":[{"ty":"gr","it":[{"ind":0,"ty":"sh","ix":1,"ks":{"a":0,"k":{"i":[[3.021,0],[0,0],[0,-3.02],[-3.021,0],[0,0],[0,3.021]],"o":[[0,0],[-3.021,0],[0,3.021],[0,0],[3.021,0],[0,-3.02]],"v":[[34.453,-5.469],[-34.453,-5.469],[-39.922,-0.001],[-34.453,5.469],[34.453,5.469],[39.922,-0.001]],"c":true},"ix":2},"nm":"Path 1","mn":"ADBE Vector Shape - Group","hd":false},{"ty":"fl","c":{"a":0,"k":[0.011764705882352941,0.19607843137254902,0.3254901960784314,1],"ix":4},"o":{"a":0,"k":100,"ix":5},"r":1,"bm":0,"nm":"Fill 1","mn":"ADBE Vector Graphic - Fill","hd":false},{"ty":"tr","p":{"a":0,"k":[196.578,60.406],"ix":2},"a":{"a":0,"k":[0,0],"ix":1},"s":{"a":0,"k":[100,100],"ix":3},"r":{"a":0,"k":0,"ix":6},"o":{"a":0,"k":100,"ix":7},"sk":{"a":0,"k":0,"ix":4},"sa":{"a":0,"k":0,"ix":5},"nm":"Transform"}],"nm":"Group 1","np":2,"cix":2,"bm":0,"ix":1,"mn":"ADBE Vector Group","hd":false},{"ty":"gr","it":[{"ind":0,"ty":"sh","ix":1,"ks":{"a":0,"k":{"i":[[3.021,0],[0,0],[0,-3.021],[-3.021,0],[0,0],[0,3.02]],"o":[[0,0],[-3.021,0],[0,3.02],[0,0],[3.021,0],[0,-3.021]],"v":[[45.391,-5.469],[-45.391,-5.469],[-50.859,0],[-45.391,5.469],[45.391,5.469],[50.859,0]],"c":true},"ix":2},"nm":"Path 1","mn":"ADBE Vector Shape - Group","hd":false},{"ty":"fl","c":{"a":0,"k":[0.011764705882352941,0.19607843137254902,0.3254901960784314,1],"ix":4},"o":{"a":0,"k":100,"ix":5},"r":1,"bm":0,"nm":"Fill 1","mn":"ADBE Vector Graphic - Fill","hd":false},{"ty":"tr","p":{"a":0,"k":[94.859,180.718],"ix":2},"a":{"a":0,"k":[0,0],"ix":1},"s":{"a":0,"k":[100,100],"ix":3},"r":{"a":0,"k":0,"ix":6},"o":{"a":0,"k":100,"ix":7},"sk":{"a":0,"k":0,"ix":4},"sa":{"a":0,"k":0,"ix":5},"nm":"Transform"}],"nm":"Group 2","np":2,"cix":2,"bm":0,"ix":2,"mn":"ADBE Vector Group","hd":false},{"ty":"gr","it":[{"ind":0,"ty":"sh","ix":1,"ks":{"a":0,"k":{"i":[[3.021,0],[0,0],[0,-3.021],[-3.021,0],[0,0],[0,3.02]],"o":[[0,0],[-3.021,0],[0,3.02],[0,0],[3.021,0],[0,-3.021]],"v":[[34.453,-5.469],[-34.453,-5.469],[-39.922,0],[-34.453,5.469],[34.453,5.469],[39.922,0]],"c":true},"ix":2},"nm":"Path 1","mn":"ADBE Vector Shape - Group","hd":false},{"ty":"fl","c":{"a":0,"k":[0.011764705882352941,0.19607843137254902,0.3254901960784314,1],"ix":4},"o":{"a":0,"k":100,"ix":5},"r":1,"bm":0,"nm":"Fill 1","mn":"ADBE Vector Graphic - Fill","hd":false},{"ty":"tr","p":{"a":0,"k":[105.797,147.906],"ix":2},"a":{"a":0,"k":[0,0],"ix":1},"s":{"a":0,"k":[100,100],"ix":3},"r":{"a":0,"k":0,"ix":6},"o":{"a":0,"k":100,"ix":7},"sk":{"a":0,"k":0,"ix":4},"sa":{"a":0,"k":0,"ix":5},"nm":"Transform"}],"nm":"Group 3","np":2,"cix":2,"bm":0,"ix":3,"mn":"ADBE Vector Group","hd":false},{"ty":"gr","it":[{"ind":0,"ty":"sh","ix":1,"ks":{"a":0,"k":{"i":[[12.409,-12.778],[0.248,-0.868],[-5.154,-9.876],[6.604,7.218],[2.112,-0.842],[11.499,-0.568],[17.637,14.432],[0,0],[0,3.02],[3.021,0],[0,0],[14.347,0.774],[-43.171,0],[0,-38.538]],"o":[[-0.63,0.649],[-3.136,11.031],[-9.354,-2.311],[-1.536,-1.675],[-8.538,3.397],[-1.599,-20.681],[0,0],[3.021,0],[0,-3.021],[0,0],[-12.413,-6.319],[3.143,-36.73],[46.245,0],[0,16.711]],"v":[[109.82,1.982],[108.483,4.295],[111.818,36.843],[87.275,22.279],[81.216,20.891],[48.999,27.208],[19.448,-27.343],[90.781,-27.343],[96.25,-32.811],[90.781,-38.281],[2.646,-38.281],[-38.053,-49.059],[43.75,-114.843],[129.061,-43.749]],"c":true},"ix":2},"nm":"Path 1","mn":"ADBE Vector Shape - Group","hd":false},{"ind":1,"ty":"sh","ix":2,"ks":{"a":0,"k":{"i":[[45.232,0],[9.852,3.92],[1.536,-1.676],[9.354,-2.316],[3.137,11.031],[0.63,0.647],[0,16.712],[-46.245,0],[0,-40.727]],"o":[[-12.908,0],[-2.11,-0.842],[-6.603,7.218],[5.155,-9.877],[-0.247,-0.869],[-12.407,-12.779],[0,-38.537],[43.669,0],[0,39.202]],"v":[[-43.75,103.907],[-81.218,97.454],[-87.276,98.842],[-111.819,113.408],[-108.485,80.856],[-109.822,78.546],[-129.063,32.812],[-43.75,-38.281],[38.281,32.812]],"c":true},"ix":2},"nm":"Path 2","mn":"ADBE Vector Shape - Group","hd":false},{"ind":2,"ty":"sh","ix":3,"ks":{"a":0,"k":{"i":[[48.759,0],[3.125,-42.757],[0,-45.73],[-13.766,-14.672],[8.206,-8.206],[-0.846,-2.044],[-2.213,0],[-11.168,10.776],[-12.973,0],[-3.133,42.748],[-9.423,3.21],[-15.598,0],[-0.847,2.042],[1.563,1.564],[-2.723,11.228],[0,19.111]],"o":[[-49.234,0],[-46.889,2.352],[0,19.111],[2.723,11.227],[-1.563,1.563],[0.846,2.042],[15.597,0],[10.88,3.707],[49.227,0],[11.451,-0.509],[11.167,10.776],[2.212,0],[0.847,-2.044],[-8.207,-8.205],[13.766,-14.671],[0,-47.516]],"v":[[43.75,-125.781],[-49.018,-49.079],[-140,32.812],[-118.672,85.113],[-127.461,116.447],[-128.646,122.407],[-123.594,125.781],[-81.799,108.889],[-43.75,114.843],[49.015,38.161],[81.799,32.326],[123.594,49.218],[128.646,45.843],[127.461,39.883],[118.671,8.549],[140,-43.749]],"c":true},"ix":2},"nm":"Path 3","mn":"ADBE Vector Shape - Group","hd":false},{"ty":"mm","mm":1,"nm":"Merge Paths 1","mn":"ADBE Vector Filter - Merge","hd":false},{"ty":"fl","c":{"a":0,"k":[0.011764705882352941,0.19607843137254902,0.3254901960784314,1],"ix":4},"o":{"a":0,"k":100,"ix":5},"r":1,"bm":0,"nm":"Fill 1","mn":"ADBE Vector Graphic - Fill","hd":false},{"ty":"tr","p":{"a":0,"k":[140.25,126.031],"ix":2},"a":{"a":0,"k":[0,0],"ix":1},"s":{"a":0,"k":[100,100],"ix":3},"r":{"a":0,"k":0,"ix":6},"o":{"a":0,"k":100,"ix":7},"sk":{"a":0,"k":0,"ix":4},"sa":{"a":0,"k":0,"ix":5},"nm":"Transform"}],"nm":"Group 4","np":7,"cix":2,"bm":0,"ix":4,"mn":"ADBE Vector Group","hd":false},{"ty":"gr","it":[{"ind":0,"ty":"sh","ix":1,"ks":{"a":0,"k":{"i":[[-3.019,0],[0,3.019],[3.019,0],[0,-3.018]],"o":[[3.019,0],[0,-3.018],[-3.019,0],[0,3.019]],"v":[[0,5.469],[5.469,0],[0,-5.469],[-5.469,0]],"c":true},"ix":2},"nm":"Path 1","mn":"ADBE Vector Shape - Group","hd":false},{"ty":"fl","c":{"a":0,"k":[0.011764705882352941,0.19607843137254902,0.3254901960784314,1],"ix":4},"o":{"a":0,"k":100,"ix":5},"r":1,"bm":0,"nm":"Fill 1","mn":"ADBE Vector Graphic - Fill","hd":false},{"ty":"tr","p":{"a":0,"k":[49.469,147.905],"ix":2},"a":{"a":0,"k":[0,0],"ix":1},"s":{"a":0,"k":[100,100],"ix":3},"r":{"a":0,"k":0,"ix":6},"o":{"a":0,"k":100,"ix":7},"sk":{"a":0,"k":0,"ix":4},"sa":{"a":0,"k":0,"ix":5},"nm":"Transform"}],"nm":"Group 5","np":2,"cix":2,"bm":0,"ix":5,"mn":"ADBE Vector Group","hd":false},{"ty":"gr","it":[{"ind":0,"ty":"sh","ix":1,"ks":{"a":0,"k":{"i":[[3.019,0],[0,-3.018],[-3.019,0],[0,3.019]],"o":[[-3.019,0],[0,3.019],[3.019,0],[0,-3.018]],"v":[[0,-5.469],[-5.469,-0.001],[0,5.469],[5.469,-0.001]],"c":true},"ix":2},"nm":"Path 1","mn":"ADBE Vector Shape - Group","hd":false},{"ty":"fl","c":{"a":0,"k":[0.011764705882352941,0.19607843137254902,0.3254901960784314,1],"ix":4},"o":{"a":0,"k":100,"ix":5},"r":1,"bm":0,"nm":"Fill 1","mn":"ADBE Vector Graphic - Fill","hd":false},{"ty":"tr","p":{"a":0,"k":[140.25,60.406],"ix":2},"a":{"a":0,"k":[0,0],"ix":1},"s":{"a":0,"k":[100,100],"ix":3},"r":{"a":0,"k":0,"ix":6},"o":{"a":0,"k":100,"ix":7},"sk":{"a":0,"k":0,"ix":4},"sa":{"a":0,"k":0,"ix":5},"nm":"Transform"}],"nm":"Group 6","np":2,"cix":2,"bm":0,"ix":6,"mn":"ADBE Vector Group","hd":false}],"ip":0,"op":211.000008594206,"st":0,"bm":0},{"ddd":0,"ind":2,"ty":4,"nm":"Layer 1/Digital library Outlines","sr":1,"ks":{"o":{"a":1,"k":[{"i":{"x":[0.833],"y":[0.833]},"o":{"x":[0.167],"y":[0.167]},"t":140,"s":[0]},{"i":{"x":[0.833],"y":[0.833]},"o":{"x":[0.167],"y":[0.167]},"t":150,"s":[100]},{"i":{"x":[0.833],"y":[0.833]},"o":{"x":[0.167],"y":[0.167]},"t":165,"s":[100]},{"t":175.000007127896,"s":[0]}],"ix":11},"r":{"a":0,"k":0,"ix":10},"p":{"a":1,"k":[{"i":{"x":0.833,"y":0.833},"o":{"x":0.167,"y":0.167},"t":140,"s":[81.082,199.994,0],"to":[20.091,0,0],"ti":[-20.091,0,0]},{"i":{"x":0.833,"y":0.833},"o":{"x":0.167,"y":0.167},"t":150,"s":[201.63,199.994,0],"to":[0,0,0],"ti":[0,0,0]},{"i":{"x":0.833,"y":0.833},"o":{"x":0.167,"y":0.167},"t":165,"s":[201.63,199.994,0],"to":[19.178,0,0],"ti":[-19.178,0,0]},{"t":175.000007127896,"s":[316.698,199.994,0]}],"ix":2},"a":{"a":0,"k":[140.5,129,0],"ix":1},"s":{"a":1,"k":[{"i":{"x":[0.833,0.833,0.833],"y":[0.833,0.833,0.833]},"o":{"x":[0.167,0.167,0.167],"y":[0.167,0.167,0.167]},"t":140,"s":[32,32,100]},{"i":{"x":[0.833,0.833,0.833],"y":[0.833,0.833,0.833]},"o":{"x":[0.167,0.167,0.167],"y":[0.167,0.167,0.167]},"t":150,"s":[72,72,100]},{"i":{"x":[0.833,0.833,0.833],"y":[0.833,0.833,0.833]},"o":{"x":[0.167,0.167,0.167],"y":[0.167,0.167,0.167]},"t":165,"s":[72,72,100]},{"t":175.000007127896,"s":[32,32,100]}],"ix":6}},"ao":0,"shapes":[{"ty":"gr","it":[{"ind":0,"ty":"sh","ix":1,"ks":{"a":0,"k":{"i":[[3.516,0],[0,0],[0,8.691],[0,0],[-8.683,0],[0,0],[0,0],[0,0],[0,-5.177],[0,0],[-5.177,0],[0,0],[0,-3.518]],"o":[[0,0],[-8.683,0],[0,0],[0,-8.694],[0,0],[0,0],[0,0],[-5.177,0],[0,0],[0,5.176],[0,0],[3.516,0],[0,3.516]],"v":[[125.421,120.172],[-116.05,120.172],[-131.797,104.41],[-131.797,58.729],[-116.05,42.964],[-69.026,42.964],[-69.023,55.717],[-109.654,55.717],[-119.044,65.107],[-119.044,98.029],[-109.654,107.418],[125.421,107.418],[131.797,113.796]],"c":true},"ix":2},"nm":"Path 1","mn":"ADBE Vector Shape - Group","hd":false},{"ind":1,"ty":"sh","ix":2,"ks":{"a":0,"k":{"i":[[-3.516,0],[0,0],[0,0],[0,0],[0,3.517]],"o":[[0,0],[0,0],[0,0],[-3.516,0],[0,-3.516]],"v":[[-113.422,22.008],[-69.03,22.008],[-69.027,34.761],[-113.422,34.761],[-119.798,28.384]],"c":true},"ix":2},"nm":"Path 2","mn":"ADBE Vector Shape - Group","hd":false},{"ind":2,"ty":"sh","ix":3,"ks":{"a":0,"k":{"i":[[0,0],[0,3.516],[-3.516,0],[0,0],[0,-8.693],[0,0],[8.691,0],[0,0],[0,0],[0,0],[0,5.178],[0,0],[5.178,0],[0,0]],"o":[[-3.516,0],[0,-3.516],[0,0],[8.691,0],[0,0],[0,8.693],[0,0],[0,0],[0,0],[5.178,0],[0,0],[0,-5.178],[0,0],[0,0]],"v":[[-113.422,-29.693],[-119.798,-36.07],[-113.422,-42.447],[78.386,-42.447],[94.149,-26.682],[94.149,18.997],[78.386,34.762],[-26.423,34.762],[-26.417,22.008],[72.006,22.008],[81.397,12.618],[81.397,-20.303],[72.006,-29.693],[-113.422,-29.693]],"c":true},"ix":2},"nm":"Path 3","mn":"ADBE Vector Shape - Group","hd":false},{"ind":3,"ty":"sh","ix":4,"ks":{"a":0,"k":{"i":[[0,9.263],[-19.172,0],[0,0],[0,-3.652],[3.652,0],[0,0],[0,-2.265],[-2.265,0],[0,0],[-2.902,-8.861],[0,0],[2.521,2.508],[0,3.528],[-7.334,0],[0,0],[0,2.266],[2.266,0],[0,0],[0,-11.849],[-4.078,-4.098],[-5.711,0],[0,0],[0,-3.661],[3.652,0],[0,0],[6.58,6.58]],"o":[[0,-19.163],[0,0],[3.652,0],[0,3.662],[0,0],[-2.265,0],[0,2.266],[0,0],[-2.895,8.823],[0,0],[-3.528,0],[-2.524,-2.537],[0,-7.326],[0,0],[2.266,0],[0,-2.265],[0,0],[-11.858,0],[0,5.711],[4.084,4.063],[0,0],[3.652,0],[0,3.653],[0,0],[-9.264,0],[-6.578,-6.579]],"v":[[-119.798,-85.419],[-85.029,-120.173],[53.331,-120.173],[59.955,-113.549],[53.331,-106.908],[-22.278,-106.908],[-26.38,-102.807],[-22.278,-98.704],[40.528,-98.704],[40.539,-72.118],[-85.029,-72.118],[-94.417,-76.016],[-98.33,-85.419],[-85.029,-98.704],[-42.474,-98.704],[-38.371,-102.807],[-42.474,-106.908],[-85.029,-106.908],[-106.534,-85.419],[-100.218,-70.217],[-85.029,-63.915],[53.331,-63.915],[59.955,-57.275],[53.331,-50.65],[-85.029,-50.65],[-109.597,-60.852]],"c":true},"ix":2},"nm":"Path 4","mn":"ADBE Vector Shape - Group","hd":false},{"ind":4,"ty":"sh","ix":5,"ks":{"a":0,"k":{"i":[[0,0],[0,0],[0,0],[1.585,-1.511],[0,0],[0,0],[0,0]],"o":[[0,0],[0,0],[-1.584,-1.511],[0,0],[0,0],[0,0],[0,0]],"v":[[-34.612,0.259],[-34.641,72.105],[-44.899,62.321],[-50.56,62.321],[-60.817,72.104],[-60.831,0.258],[-34.612,0.258]],"c":true},"ix":2},"nm":"Path 5","mn":"ADBE Vector Shape - Group","hd":false},{"ind":5,"ty":"sh","ix":6,"ks":{"a":0,"k":{"i":[[0,0],[0,0],[-0.374,4.519],[0,0]],"o":[[0,0],[1.601,-4.509],[0,0],[0,0]],"v":[[-69.031,13.805],[-97.435,13.805],[-94.459,0.258],[-69.034,0.258]],"c":true},"ix":2},"nm":"Path 6","mn":"ADBE Vector Shape - Group","hd":false},{"ind":6,"ty":"sh","ix":7,"ks":{"a":0,"k":{"i":[[0,0],[1.602,4.502],[0,0],[0,-0.644],[0,0],[0.643,0],[0,0],[0,0],[0,0],[0,2.265],[2.266,0],[0,0]],"o":[[-0.37,-4.526],[0,0],[0.643,0],[0,0],[0,0.644],[0,0],[0,0],[0,0],[2.266,0],[0,-2.265],[0,0],[0,0]],"v":[[-94.455,-7.943],[-97.426,-21.49],[72.007,-21.49],[73.193,-20.303],[73.193,12.617],[72.007,13.804],[-26.414,13.804],[-26.408,0.257],[2.297,0.257],[6.399,-3.844],[2.297,-7.945],[-94.455,-7.945]],"c":true},"ix":2},"nm":"Path 7","mn":"ADBE Vector Shape - Group","hd":false},{"ind":7,"ty":"sh","ix":8,"ks":{"a":0,"k":{"i":[[0,0],[0,-3.517],[3.516,0],[0,0],[0,-2.264],[-2.266,0],[0,0],[0.37,-4.525],[-4.599,-13.631],[0,0],[0,0.645],[0,0],[-0.643,0],[0,0],[0,0],[-1.21,-0.591],[-3.098,2.832],[-0.021,0.019],[0,0],[0,0],[-0.021,-0.018],[-1.275,0],[-0.512,0.252],[0.278,4.023],[0,0],[0,0],[0,2.265],[2.266,0],[0,0],[0,0]],"o":[[3.516,0],[0,3.516],[0,0],[-2.266,0],[0,2.266],[0,0],[-1.602,4.502],[0,0],[0,0],[-0.643,0],[0,0],[0,-0.644],[0,0],[0,0],[-0.259,4.033],[1.226,0.599],[0.022,-0.019],[0,0],[0,0],[0.02,0.02],[1.814,1.658],[0.91,0],[1.21,-0.597],[0,0],[0,0],[2.266,0],[0,-2.265],[0,0],[0,0],[0,0]],"v":[[125.421,42.964],[131.797,49.341],[125.421,55.717],[51.397,55.717],[47.296,59.818],[51.397,63.92],[109.408,63.92],[106.455,77.467],[109.416,99.217],[-109.654,99.217],[-110.841,98.029],[-110.841,65.108],[-109.654,63.921],[-69.021,63.921],[-69.018,77.391],[-66.098,83.604],[-59.257,81.951],[-59.193,81.893],[-47.729,70.958],[-36.264,81.893],[-36.201,81.951],[-31.498,84.099],[-29.338,83.597],[-26.439,77.38],[-26.434,63.921],[31.202,63.921],[35.304,59.819],[31.202,55.718],[-26.432,55.718],[-26.426,42.964]],"c":true},"ix":2},"nm":"Path 8","mn":"ADBE Vector Shape - Group","hd":false},{"ind":8,"ty":"sh","ix":9,"ks":{"a":0,"k":{"i":[[8.038,0],[0,0],[-4.996,11.822],[0,0],[0,8.039],[8.038,0],[0,0],[0,6.032],[0,0],[13.214,0],[0,0],[0,2.38],[8.176,0],[0,0],[-3.617,8.894],[0,0],[0,8.185],[8.176,0],[0,0],[0,-23.686],[-8.128,-8.129],[-1.811,-1.321],[0,0],[0,-8.04],[-8.039,0],[0,0],[5.002,-11.882],[0,0],[0,-8.039],[-1.632,-2.354],[0,-9.894],[0,0],[-13.206,0],[0,0],[0,8.039]],"o":[[0,0],[-5,-11.881],[0,0],[8.038,0],[0,-8.039],[0,0],[3.694,-4.218],[0,0],[0,-13.216],[0,0],[1.001,-1.995],[0,-8.185],[0,0],[-3.621,-8.95],[0,0],[8.176,0],[0,-8.176],[0,0],[-23.695,0],[0,11.455],[1.616,1.616],[0,0],[-8.039,0],[0,8.04],[0,0],[4.997,11.821],[0,0],[-8.039,0],[0,3.076],[-8.568,3.656],[0,0],[0,13.214],[0,0],[8.04,0],[0.002,-8.038]],"v":[[125.421,99.217],[118.212,99.217],[118.206,63.92],[125.421,63.92],[140,49.341],[125.421,34.761],[96.414,34.761],[102.352,18.997],[102.352,-26.682],[78.386,-50.65],[66.591,-50.65],[68.158,-57.275],[53.331,-72.12],[49.274,-72.12],[49.268,-98.706],[53.331,-98.706],[68.158,-113.549],[53.331,-128.376],[-85.029,-128.376],[-128.001,-85.421],[-115.397,-55.053],[-110.246,-50.65],[-113.422,-50.65],[-128.001,-36.072],[-113.422,-21.492],[-106.209,-21.492],[-106.215,13.804],[-113.422,13.804],[-128.001,28.383],[-125.41,36.667],[-140,58.729],[-140,104.41],[-116.05,128.376],[125.419,128.376],[139.998,113.796]],"c":true},"ix":2},"nm":"Path 9","mn":"ADBE Vector Shape - Group","hd":false},{"ty":"mm","mm":1,"nm":"Merge Paths 1","mn":"ADBE Vector Filter - Merge","hd":false},{"ty":"fl","c":{"a":0,"k":[0.011764705882352941,0.19607843137254902,0.3254901960784314,1],"ix":4},"o":{"a":0,"k":100,"ix":5},"r":1,"bm":0,"nm":"Fill 1","mn":"ADBE Vector Graphic - Fill","hd":false},{"ty":"tr","p":{"a":0,"k":[140.25,128.627],"ix":2},"a":{"a":0,"k":[0,0],"ix":1},"s":{"a":0,"k":[100,100],"ix":3},"r":{"a":0,"k":0,"ix":6},"o":{"a":0,"k":100,"ix":7},"sk":{"a":0,"k":0,"ix":4},"sa":{"a":0,"k":0,"ix":5},"nm":"Transform"}],"nm":"Group 1","np":13,"cix":2,"bm":0,"ix":1,"mn":"ADBE Vector Group","hd":false}],"ip":0,"op":211.000008594206,"st":0,"bm":0},{"ddd":0,"ind":3,"ty":4,"nm":"Layer 1/Hand raise Outlines","sr":1,"ks":{"o":{"a":1,"k":[{"i":{"x":[0.833],"y":[0.833]},"o":{"x":[0.167],"y":[0.167]},"t":105,"s":[0]},{"i":{"x":[0.833],"y":[0.833]},"o":{"x":[0.167],"y":[0.167]},"t":115,"s":[100]},{"i":{"x":[0.833],"y":[0.833]},"o":{"x":[0.167],"y":[0.167]},"t":130,"s":[100]},{"t":140.000005702317,"s":[0]}],"ix":11},"r":{"a":0,"k":0,"ix":10},"p":{"a":1,"k":[{"i":{"x":0.833,"y":0.833},"o":{"x":0.167,"y":0.167},"t":105,"s":[79.438,199.994,0],"to":[20.091,0,0],"ti":[-20.091,0,0]},{"i":{"x":0.833,"y":0.833},"o":{"x":0.167,"y":0.167},"t":115,"s":[199.986,199.994,0],"to":[0,0,0],"ti":[0,0,0]},{"i":{"x":0.833,"y":0.833},"o":{"x":0.167,"y":0.167},"t":130,"s":[199.986,199.994,0],"to":[20,0,0],"ti":[-20,0,0]},{"t":140.000005702317,"s":[319.986,199.994,0]}],"ix":2},"a":{"a":0,"k":[136.5,140.5,0],"ix":1},"s":{"a":1,"k":[{"i":{"x":[0.833,0.833,0.833],"y":[0.833,0.833,0.833]},"o":{"x":[0.167,0.167,0.167],"y":[0.167,0.167,0.167]},"t":105,"s":[32,32,100]},{"i":{"x":[0.833,0.833,0.833],"y":[0.833,0.833,0.833]},"o":{"x":[0.167,0.167,0.167],"y":[0.167,0.167,0.167]},"t":115,"s":[72,72,100]},{"i":{"x":[0.833,0.833,0.833],"y":[0.833,0.833,0.833]},"o":{"x":[0.167,0.167,0.167],"y":[0.167,0.167,0.167]},"t":130,"s":[72,72,100]},{"t":140.000005702317,"s":[32,32,100]}],"ix":6}},"ao":0,"shapes":[{"ty":"gr","it":[{"ind":0,"ty":"sh","ix":1,"ks":{"a":0,"k":{"i":[[0,0],[1.918,-3.248],[0,0],[0,-5.236],[0,0],[0,0],[0,-2.261],[-2.261,0],[0,0],[0,0],[0,0],[0,0],[0,0],[0,2.26],[2.261,0],[0,0],[0,0],[3.869,5.073],[0,0],[0,4.597],[0,0],[-4.634,0],[0,-4.634],[0,0],[-1.773,-0.491],[-1.397,-20.96],[-2.265,0.147],[0.151,2.255],[8.179,3.453],[0,0],[-4.525,0],[-0.011,-4.514],[0,0],[-2.26,0],[0,2.261],[0,0],[-4.526,0],[0,-4.526],[0,0],[-2.26,0],[0,2.261],[0,0],[-4.449,0],[0,-4.526],[0,0],[-2.261,0],[0,2.262],[0,0],[-4.197,0],[0,-4.525],[0,0]],"o":[[0,3.772],[0,0],[-2.662,4.509],[0,0],[0,0],[-2.261,0],[0,2.26],[0,0],[0,0],[0,0],[0,0],[0,0],[2.261,0],[0,-2.261],[0,0],[0,0],[0,-6.379],[0,0],[-2.787,-3.656],[0,0],[0,-4.634],[4.633,0],[0,0],[0,1.839],[0.694,0.192],[0.151,2.254],[2.255,-0.15],[-1.268,-19.029],[0,0],[0,-4.526],[4.514,0],[0,0],[0,2.261],[2.261,0],[0,0],[0,-4.526],[4.525,0],[0,0],[0,2.261],[2.26,0],[0,0],[0.122,-4.42],[4.526,0],[0,0],[0,2.261],[2.261,0],[0,0],[0.481,-4.07],[4.524,0],[0,0],[0,0]],"v":[[57.601,11.221],[54.668,21.954],[45.991,36.646],[41.921,51.542],[41.921,59.223],[30.32,59.223],[26.227,63.316],[30.32,67.409],[41.921,67.409],[41.921,88.317],[-32.608,88.317],[-32.608,67.409],[11.397,67.409],[15.49,63.316],[11.397,59.223],[-32.608,59.223],[-32.608,53.098],[-38.607,35.337],[-53.278,16.092],[-57.6,3.294],[-57.6,-46.131],[-49.197,-54.535],[-40.795,-46.131],[-40.795,-21.675],[-37.771,-17.725],[-19.363,8.183],[-15.007,11.993],[-11.196,7.638],[-32.609,-24.574],[-32.609,-94.96],[-24.402,-103.167],[-16.196,-94.981],[-16.196,-34.837],[-12.103,-30.744],[-8.01,-34.837],[-8.01,-109.14],[0.197,-117.347],[8.404,-109.14],[8.415,-34.837],[12.508,-30.744],[16.601,-34.837],[16.601,-97.926],[24.796,-105.907],[33.003,-97.7],[33.066,-34.837],[37.159,-30.743],[41.251,-34.837],[41.251,-69.821],[49.397,-77.06],[57.604,-68.854],[57.604,11.221]],"c":true},"ix":2},"nm":"Path 1","mn":"ADBE Vector Shape - Group","hd":false},{"ind":1,"ty":"sh","ix":2,"ks":{"a":0,"k":{"i":[[0,0],[0,0],[0,0],[0,0]],"o":[[0,0],[0,0],[0,0],[0,0]],"v":[[41.921,117.336],[-32.609,117.17],[-32.609,96.499],[41.921,96.499]],"c":true},"ix":2},"nm":"Path 2","mn":"ADBE Vector Shape - Group","hd":false},{"ind":2,"ty":"sh","ix":3,"ks":{"a":0,"k":{"i":[[9.039,0],[2.415,-1.402],[0,0],[9.039,0],[2.461,-1.479],[8.146,0],[0.002,-9.037],[2.986,0],[0,-9.039],[0,0],[3.065,0],[0,-9.147],[0,0],[-3.868,-5.073],[0,0],[0,-4.597],[0,0],[-2.257,-0.005],[0,0],[0,0],[-0.768,0.765],[0,1.088],[0,0],[-1.917,3.249],[0,0],[0,5.237],[0,0]],"o":[[-2.987,0],[0,0],[0,-9.039],[-3.075,0],[-1.258,-7.797],[-9.037,0],[-2.416,-1.404],[-9.039,0],[0,0],[-2.465,-1.455],[-9.147,0],[0,0],[0,6.38],[0,0],[2.787,3.656],[0,0],[0,2.259],[0,0],[0,0],[1.082,0],[0.77,-0.767],[0,0],[0,-3.773],[0,0],[2.662,-4.508],[0,0],[0,-9.038]],"v":[[49.393,-85.245],[41.186,-83.04],[41.186,-97.7],[24.794,-114.092],[16.378,-111.762],[0.196,-125.531],[-16.196,-109.143],[-24.402,-111.352],[-40.795,-94.96],[-40.795,-60.429],[-49.198,-62.72],[-65.786,-46.131],[-65.786,3.294],[-59.788,21.055],[-45.117,40.299],[-40.795,53.098],[-40.795,121.253],[-36.711,125.346],[46.004,125.531],[46.014,125.531],[48.905,124.336],[50.107,121.438],[50.107,51.543],[53.039,40.809],[61.715,26.117],[65.786,11.221],[65.786,-68.854]],"c":true},"ix":2},"nm":"Path 3","mn":"ADBE Vector Shape - Group","hd":false},{"ty":"mm","mm":1,"nm":"Merge Paths 1","mn":"ADBE Vector Filter - Merge","hd":false},{"ty":"fl","c":{"a":0,"k":[0.011764705882352941,0.19607843137254902,0.3254901960784314,1],"ix":4},"o":{"a":0,"k":100,"ix":5},"r":1,"bm":0,"nm":"Fill 1","mn":"ADBE Vector Graphic - Fill","hd":false},{"ty":"tr","p":{"a":0,"k":[206.589,154.719],"ix":2},"a":{"a":0,"k":[0,0],"ix":1},"s":{"a":0,"k":[100,100],"ix":3},"r":{"a":0,"k":0,"ix":6},"o":{"a":0,"k":100,"ix":7},"sk":{"a":0,"k":0,"ix":4},"sa":{"a":0,"k":0,"ix":5},"nm":"Transform"}],"nm":"Group 1","np":7,"cix":2,"bm":0,"ix":1,"mn":"ADBE Vector Group","hd":false},{"ty":"gr","it":[{"ind":0,"ty":"sh","ix":1,"ks":{"a":0,"k":{"i":[[0,0],[0,0],[0,0],[0,0]],"o":[[0,0],[0,0],[0,0],[0,0]],"v":[[41.921,83.111],[-32.608,83.111],[-32.608,62.205],[41.921,62.205]],"c":true},"ix":2},"nm":"Path 1","mn":"ADBE Vector Shape - Group","hd":false},{"ind":1,"ty":"sh","ix":2,"ks":{"a":0,"k":{"i":[[0,0],[0,0],[0,0],[0,0]],"o":[[0,0],[0,0],[0,0],[0,0]],"v":[[41.921,131.806],[-32.608,131.64],[-32.608,91.296],[41.921,91.296]],"c":true},"ix":2},"nm":"Path 2","mn":"ADBE Vector Shape - Group","hd":false},{"ind":2,"ty":"sh","ix":3,"ks":{"a":0,"k":{"i":[[9.038,0],[2.415,-1.403],[0,0],[9.038,0],[2.461,-1.479],[8.145,0],[0.002,-9.037],[2.987,0],[0,-9.038],[0,0],[-2.26,0],[0,2.26],[0,0],[-4.526,0],[-0.01,-4.514],[0,0],[-2.261,0],[0,2.261],[0,0],[-4.525,0],[0,-4.525],[0,0],[-2.26,0],[0,2.261],[0,0],[-4.449,0],[0,-4.526],[0,0],[-2.26,0],[0,2.26],[0,0],[-4.198,0],[0,-4.526],[0,0],[1.919,-3.25],[0,0],[0,-5.236],[0,0],[0,0],[0,0],[3.868,5.073],[0,0],[0,4.597],[0,0],[-4.634,0],[0,-4.634],[0,0],[-1.795,-0.476],[-4.329,-3.657],[-0.596,-8.946],[-2.261,0.149],[0.15,2.255],[8.179,3.453],[0,0],[2.261,0],[0,-2.26],[0,0],[3.066,0],[0,-9.147],[0,0],[-3.868,-5.074],[0,0],[0,-4.598],[0,0],[-2.257,-0.007],[0,0],[0,0],[-0.767,0.764],[0,1.088],[0,0],[-1.919,3.249],[0,0],[0,5.236],[0,0]],"o":[[-2.989,0],[0,0],[0,-9.039],[-3.076,0],[-1.258,-7.796],[-9.038,0],[-2.415,-1.404],[-9.039,0],[0,0],[0,2.26],[2.26,0],[0,0],[0,-4.525],[4.514,0],[0,0],[0,2.261],[2.26,0],[0,0],[0,-4.525],[4.526,0],[0,0],[0,2.261],[2.261,0],[0,0],[0.122,-4.419],[4.525,0],[0,0],[0,2.26],[2.26,0],[0,0],[0.48,-4.071],[4.526,0],[0,0],[0,3.774],[0,0],[-2.663,4.508],[0,0],[0,0],[0,0],[0,-6.38],[0,0],[-2.787,-3.655],[0,0],[0,-4.634],[4.634,0],[0,0],[0,1.858],[0.041,0.011],[5.958,5.034],[0.15,2.255],[2.255,-0.151],[-1.269,-19.029],[0,0],[0,-2.26],[-2.26,0],[0,0],[-2.467,-1.455],[-9.147,0],[0,0],[0,6.38],[0,0],[2.787,3.655],[0,0],[0,2.255],[0,0],[0,0],[1.084,0],[0.77,-0.768],[0,0],[0,-3.773],[0,0],[2.663,-4.508],[0,0],[-0.001,-9.038]],"v":[[49.394,-99.714],[41.187,-97.508],[41.187,-112.169],[24.795,-128.561],[16.378,-126.231],[0.197,-140],[-16.196,-123.612],[-24.402,-125.821],[-40.794,-109.429],[-40.794,-102.658],[-36.701,-98.565],[-32.608,-102.658],[-32.608,-109.429],[-24.401,-117.636],[-16.196,-109.449],[-16.196,-49.305],[-12.102,-45.212],[-8.01,-49.305],[-8.01,-123.608],[0.197,-131.815],[8.404,-123.608],[8.416,-49.305],[12.508,-45.212],[16.601,-49.305],[16.601,-112.396],[24.797,-120.375],[33.004,-112.168],[33.066,-49.304],[37.159,-45.211],[41.252,-49.304],[41.252,-84.288],[49.396,-91.528],[57.603,-83.321],[57.603,-3.247],[54.67,7.488],[45.994,22.18],[41.923,37.076],[41.923,54.021],[-32.608,54.021],[-32.608,38.631],[-38.606,20.87],[-53.278,1.625],[-57.6,-11.173],[-57.6,-60.599],[-49.197,-69.002],[-40.794,-60.599],[-40.794,-36.144],[-37.749,-32.187],[-29.24,-27.353],[-19.363,-6.285],[-15.007,-2.474],[-11.196,-6.83],[-32.609,-39.042],[-32.609,-82.516],[-36.702,-86.609],[-40.794,-82.516],[-40.794,-74.893],[-49.198,-77.187],[-65.786,-60.599],[-65.786,-11.174],[-59.788,6.587],[-45.116,25.832],[-40.794,38.63],[-40.794,135.726],[-36.711,139.818],[46.005,140],[46.014,140],[48.904,138.806],[50.107,135.907],[50.107,37.075],[53.04,26.341],[61.716,11.649],[65.786,-3.247],[65.786,-83.322]],"c":true},"ix":2},"nm":"Path 3","mn":"ADBE Vector Shape - Group","hd":false},{"ty":"mm","mm":1,"nm":"Merge Paths 1","mn":"ADBE Vector Filter - Merge","hd":false},{"ty":"fl","c":{"a":0,"k":[0.011764705882352941,0.19607843137254902,0.3254901960784314,1],"ix":4},"o":{"a":0,"k":100,"ix":5},"r":1,"bm":0,"nm":"Fill 1","mn":"ADBE Vector Graphic - Fill","hd":false},{"ty":"tr","p":{"a":0,"k":[66.036,140.25],"ix":2},"a":{"a":0,"k":[0,0],"ix":1},"s":{"a":0,"k":[100,100],"ix":3},"r":{"a":0,"k":0,"ix":6},"o":{"a":0,"k":100,"ix":7},"sk":{"a":0,"k":0,"ix":4},"sa":{"a":0,"k":0,"ix":5},"nm":"Transform"}],"nm":"Group 2","np":5,"cix":2,"bm":0,"ix":2,"mn":"ADBE Vector Group","hd":false}],"ip":0,"op":211.000008594206,"st":0,"bm":0},{"ddd":0,"ind":4,"ty":4,"nm":"Layer 1/TTT Outlines","sr":1,"ks":{"o":{"a":1,"k":[{"i":{"x":[0.833],"y":[0.833]},"o":{"x":[0.167],"y":[0.167]},"t":70,"s":[0]},{"i":{"x":[0.833],"y":[0.833]},"o":{"x":[0.167],"y":[0.167]},"t":80,"s":[100]},{"i":{"x":[0.833],"y":[0.833]},"o":{"x":[0.167],"y":[0.167]},"t":95,"s":[100]},{"t":105.000004276738,"s":[0]}],"ix":11},"r":{"a":0,"k":0,"ix":10},"p":{"a":1,"k":[{"i":{"x":0.833,"y":0.833},"o":{"x":0.167,"y":0.167},"t":70,"s":[64.096,199.994,0],"to":[21.644,0,0],"ti":[-21.644,0,0]},{"i":{"x":0.833,"y":0.833},"o":{"x":0.167,"y":0.167},"t":80,"s":[193.959,199.994,0],"to":[0,0,0],"ti":[0,0,0]},{"i":{"x":0.833,"y":0.833},"o":{"x":0.167,"y":0.167},"t":95,"s":[193.959,199.994,0],"to":[23.562,0,0],"ti":[-23.562,0,0]},{"t":105.000004276738,"s":[335.329,199.994,0]}],"ix":2},"a":{"a":0,"k":[86,140.5,0],"ix":1},"s":{"a":1,"k":[{"i":{"x":[0.833,0.833,0.833],"y":[0.833,0.833,0.833]},"o":{"x":[0.167,0.167,0.167],"y":[0.167,0.167,0.167]},"t":70,"s":[32,32,100]},{"i":{"x":[0.833,0.833,0.833],"y":[0.833,0.833,0.833]},"o":{"x":[0.167,0.167,0.167],"y":[0.167,0.167,0.167]},"t":80,"s":[70,70,100]},{"i":{"x":[0.833,0.833,0.833],"y":[0.833,0.833,0.833]},"o":{"x":[0.167,0.167,0.167],"y":[0.167,0.167,0.167]},"t":95,"s":[70,70,100]},{"t":105.000004276738,"s":[32,32,100]}],"ix":6}},"ao":0,"shapes":[{"ty":"gr","it":[{"ind":0,"ty":"sh","ix":1,"ks":{"a":0,"k":{"i":[[0,0],[0,0],[5.1,-5.023],[7.127,0.101],[0,14.634],[0,0],[0,0],[0,0],[-10.073,0],[0,10.073],[0,0]],"o":[[0,0],[0,7.136],[-5.099,5.022],[-14.373,-0.219],[0,0],[0,0],[0,0],[0,10.073],[10.074,0],[0,0],[0,0]],"v":[[26.478,-11.454],[26.478,0.109],[18.568,18.965],[-0.412,26.585],[-26.477,-0.354],[-26.477,-11.454],[-18.27,-11.454],[-18.27,0.111],[-0.001,18.379],[18.27,0.111],[18.27,-11.454]],"c":true},"ix":2},"nm":"Path 1","mn":"ADBE Vector Shape - Group","hd":false},{"ind":1,"ty":"sh","ix":2,"ks":{"a":0,"k":{"i":[[0,0],[-5.548,0],[0,-5.548],[0,0],[5.548,0],[0,5.549]],"o":[[0,-5.548],[5.548,0],[0,0],[0,5.549],[-5.548,0],[0,0]],"v":[[-10.061,-31.225],[-0.001,-41.286],[10.062,-31.225],[10.062,0.109],[-0.001,10.171],[-10.061,0.109]],"c":true},"ix":2},"nm":"Path 2","mn":"ADBE Vector Shape - Group","hd":false},{"ind":2,"ty":"sh","ix":3,"ks":{"a":0,"k":{"i":[[10.074,0],[0,-10.073],[0,0],[0,0],[0,-3.493],[0,0],[-16.93,-2.292],[0,0],[0,0],[0,-2.266],[-2.267,0],[0,0],[0,2.268],[2.266,0],[0,0],[0,0],[-5.676,5.59],[0,9.352],[0,0],[3.493,0],[0,0],[0,0]],"o":[[-10.073,0],[0,0],[0,0],[-3.492,0],[0,0],[0,17.704],[0,0],[0,0],[-2.267,0],[0,2.268],[0,0],[2.266,0],[0,-2.266],[0,0],[0,0],[7.788,-0.806],[6.679,-6.579],[0,0],[0,-3.493],[0,0],[0,0],[0,-10.073]],"v":[[-0.001,-49.493],[-18.27,-31.225],[-18.27,-19.661],[-28.352,-19.661],[-34.686,-13.326],[-34.686,-0.354],[-4.578,34.478],[-4.578,41.285],[-16.895,41.285],[-20.997,45.388],[-16.895,49.493],[17.202,49.493],[21.305,45.388],[17.202,41.285],[3.63,41.285],[3.63,34.603],[24.327,24.813],[34.686,0.109],[34.686,-13.327],[28.35,-19.661],[18.27,-19.661],[18.27,-31.225]],"c":true},"ix":2},"nm":"Path 3","mn":"ADBE Vector Shape - Group","hd":false},{"ty":"mm","mm":1,"nm":"Merge Paths 1","mn":"ADBE Vector Filter - Merge","hd":false},{"ty":"fl","c":{"a":0,"k":[0.011764705882352941,0.19607843137254902,0.3254901960784314,1],"ix":4},"o":{"a":0,"k":100,"ix":5},"r":1,"bm":0,"nm":"Fill 1","mn":"ADBE Vector Graphic - Fill","hd":false},{"ty":"tr","p":{"a":0,"k":[85.557,140.197],"ix":2},"a":{"a":0,"k":[0,0],"ix":1},"s":{"a":0,"k":[100,100],"ix":3},"r":{"a":0,"k":0,"ix":6},"o":{"a":0,"k":100,"ix":7},"sk":{"a":0,"k":0,"ix":4},"sa":{"a":0,"k":0,"ix":5},"nm":"Transform"}],"nm":"Group 1","np":5,"cix":2,"bm":0,"ix":1,"mn":"ADBE Vector Group","hd":false},{"ty":"gr","it":[{"ind":0,"ty":"sh","ix":1,"ks":{"a":0,"k":{"i":[[7.179,0],[0,0],[0.391,-1.909],[0,0],[2.649,0],[0,0],[0.517,2.594],[0,0],[1.958,0],[0,0],[0,-7.179],[0,0],[-2.267,0],[0,2.268],[0,0],[-26.217,0],[-11.693,21.77],[0,0],[2.653,0],[0,0],[0,2.653],[0,0],[2.267,0],[0,-2.266],[0,0],[-7.178,0],[0,0],[0,7.18],[0,0],[2.267,0],[0,-2.267],[0,0],[26.399,0],[9.806,-5.111],[-1.048,-2.01],[-2.01,1.047],[-9.942,0],[0,-33.678],[33.678,0],[2.735,31.165],[0,0],[-11.079,10.307],[1.544,1.659],[1.66,-1.544],[3.544,-6.529],[0,0],[-2.653,0],[0,0],[-5.392,0],[0,0],[-2.241,4.696],[0,0],[0,-2.654],[0,0],[-2.267,0],[0,2.267],[0,0]],"o":[[0,0],[-1.949,0],[0,0],[-0.517,2.596],[0,0],[-2.648,0],[0,0],[-0.382,-1.921],[0,0],[-7.178,0],[0,0],[0,2.268],[2.267,0],[0,0],[11.765,21.533],[26.395,0],[0,0],[0,2.653],[0,0],[-2.653,0],[0,0],[0,-2.266],[-2.267,0],[0,0],[0,7.18],[0,0],[7.179,0],[0,0],[0,-2.267],[-2.267,0],[0,0],[-11.692,-21.776],[-11.117,0],[-2.01,1.047],[1.047,2.01],[8.763,-4.567],[33.678,0],[0,33.677],[-31.863,0],[0,0],[1.323,-14.962],[1.66,-1.544],[-1.544,-1.66],[-5.524,5.139],[0,0],[0,-2.654],[0,0],[2.245,4.702],[0,0],[5.398,0],[0,0],[2.653,0],[0,0],[0,2.267],[2.267,0],[0,0],[0,-7.179]],"v":[[56.145,-123.585],[36.848,-123.585],[32.828,-120.305],[32.806,-120.202],[27.341,-115.721],[-27.344,-115.721],[-32.808,-120.201],[-32.824,-120.28],[-36.848,-123.585],[-56.146,-123.585],[-69.165,-110.564],[-69.165,75.369],[-65.061,79.473],[-60.956,75.369],[-60.956,33.19],[-0.12,69.365],[60.956,32.755],[60.956,110.564],[56.145,115.376],[-56.146,115.376],[-60.956,110.564],[-60.956,92.859],[-65.061,88.755],[-69.165,92.859],[-69.165,110.564],[-56.146,123.585],[56.145,123.585],[69.164,110.564],[69.164,-79.643],[65.06,-83.747],[60.956,-79.643],[60.956,-32.579],[-0.12,-69.203],[-32.103,-61.391],[-33.844,-55.854],[-28.309,-54.113],[-0.12,-60.995],[60.956,0.081],[-0.12,61.156],[-60.956,5.464],[-60.956,-5.245],[-41.706,-44.645],[-41.497,-50.445],[-47.298,-50.654],[-60.956,-33.005],[-60.956,-110.564],[-56.146,-115.376],[-39.786,-115.376],[-27.344,-107.514],[27.341,-107.514],[39.789,-115.376],[56.145,-115.376],[60.956,-110.564],[60.956,-97.133],[65.06,-93.029],[69.164,-97.133],[69.164,-110.564]],"c":true},"ix":2},"nm":"Path 1","mn":"ADBE Vector Shape - Group","hd":false},{"ty":"fl","c":{"a":0,"k":[0.011764705882352941,0.19607843137254902,0.3254901960784314,1],"ix":4},"o":{"a":0,"k":100,"ix":5},"r":1,"bm":0,"nm":"Fill 1","mn":"ADBE Vector Graphic - Fill","hd":false},{"ty":"tr","p":{"a":0,"k":[85.831,140.25],"ix":2},"a":{"a":0,"k":[0,0],"ix":1},"s":{"a":0,"k":[100,100],"ix":3},"r":{"a":0,"k":0,"ix":6},"o":{"a":0,"k":100,"ix":7},"sk":{"a":0,"k":0,"ix":4},"sa":{"a":0,"k":0,"ix":5},"nm":"Transform"}],"nm":"Group 2","np":2,"cix":2,"bm":0,"ix":2,"mn":"ADBE Vector Group","hd":false},{"ty":"gr","it":[{"ind":0,"ty":"sh","ix":1,"ks":{"a":0,"k":{"i":[[0,0],[11.706,0],[0,0],[0,11.703],[0,0],[-11.704,0],[0,0],[0,-11.705]],"o":[[0,11.703],[0,0],[-11.704,0],[0,0],[0,-11.705],[0,0],[11.706,0],[0,0]],"v":[[77.373,110.565],[56.145,131.791],[-56.146,131.791],[-77.372,110.565],[-77.372,-110.565],[-56.146,-131.792],[56.145,-131.792],[77.373,-110.565]],"c":true},"ix":2},"nm":"Path 1","mn":"ADBE Vector Shape - Group","hd":false},{"ind":1,"ty":"sh","ix":2,"ks":{"a":0,"k":{"i":[[16.231,0],[0,0],[0,-16.231],[0,0],[-16.23,0],[0,0],[0,16.23],[0,0]],"o":[[0,0],[-16.23,0],[0,0],[0,16.23],[0,0],[16.231,0],[0,0],[0,-16.231]],"v":[[56.145,-140],[-56.146,-140],[-85.581,-110.565],[-85.581,110.565],[-56.146,140],[56.145,140],[85.581,110.565],[85.581,-110.565]],"c":true},"ix":2},"nm":"Path 2","mn":"ADBE Vector Shape - Group","hd":false},{"ty":"mm","mm":1,"nm":"Merge Paths 1","mn":"ADBE Vector Filter - Merge","hd":false},{"ty":"fl","c":{"a":0,"k":[0.011764705882352941,0.19607843137254902,0.3254901960784314,1],"ix":4},"o":{"a":0,"k":100,"ix":5},"r":1,"bm":0,"nm":"Fill 1","mn":"ADBE Vector Graphic - Fill","hd":false},{"ty":"tr","p":{"a":0,"k":[85.83,140.25],"ix":2},"a":{"a":0,"k":[0,0],"ix":1},"s":{"a":0,"k":[100,100],"ix":3},"r":{"a":0,"k":0,"ix":6},"o":{"a":0,"k":100,"ix":7},"sk":{"a":0,"k":0,"ix":4},"sa":{"a":0,"k":0,"ix":5},"nm":"Transform"}],"nm":"Group 3","np":6,"cix":2,"bm":0,"ix":3,"mn":"ADBE Vector Group","hd":false}],"ip":211.000008594206,"op":211.000008594206,"st":0,"bm":0,"hidden":0},{"ddd":0,"ind":5,"ty":4,"nm":"Layer 1/White board Outlines","sr":1,"ks":{"o":{"a":1,"k":[{"i":{"x":[0.833],"y":[0.833]},"o":{"x":[0.167],"y":[0.167]},"t":35,"s":[0]},{"i":{"x":[0.833],"y":[0.833]},"o":{"x":[0.167],"y":[0.167]},"t":45,"s":[100]},{"i":{"x":[0.833],"y":[0.833]},"o":{"x":[0.167],"y":[0.167]},"t":60,"s":[100]},{"t":70.0000028511585,"s":[0]}],"ix":11},"r":{"a":0,"k":0,"ix":10},"p":{"a":1,"k":[{"i":{"x":0.833,"y":0.833},"o":{"x":0.167,"y":0.167},"t":35,"s":[78.89,199.994,0],"to":[20.274,0,0],"ti":[-20.274,0,0]},{"i":{"x":0.833,"y":0.833},"o":{"x":0.167,"y":0.167},"t":45,"s":[200.534,199.994,0],"to":[0,0,0],"ti":[0,0,0]},{"i":{"x":0.833,"y":0.833},"o":{"x":0.167,"y":0.167},"t":60,"s":[200.534,199.994,0],"to":[19.361,0,0],"ti":[-19.361,0,0]},{"t":70.0000028511585,"s":[316.698,199.994,0]}],"ix":2},"a":{"a":0,"k":[140.5,110.5,0],"ix":1},"s":{"a":1,"k":[{"i":{"x":[0.833,0.833,0.833],"y":[0.833,0.833,0.833]},"o":{"x":[0.167,0.167,0.167],"y":[0.167,0.167,0.167]},"t":35,"s":[32,32,100]},{"i":{"x":[0.833,0.833,0.833],"y":[0.833,0.833,0.833]},"o":{"x":[0.167,0.167,0.167],"y":[0.167,0.167,0.167]},"t":45,"s":[70,70,100]},{"i":{"x":[0.833,0.833,0.833],"y":[0.833,0.833,0.833]},"o":{"x":[0.167,0.167,0.167],"y":[0.167,0.167,0.167]},"t":60,"s":[70,70,100]},{"t":70.0000028511585,"s":[32,32,100]}],"ix":6}},"ao":0,"shapes":[{"ty":"gr","it":[{"ind":0,"ty":"sh","ix":1,"ks":{"a":0,"k":{"i":[[-2.266,0],[0,0],[0,2.265],[2.264,0],[0,0],[0,-2.264]],"o":[[0,0],[2.264,0],[0,-2.264],[0,0],[-2.266,0],[0,2.265]],"v":[[-15.499,4.1],[15.499,4.1],[19.599,-0.001],[15.499,-4.1],[-15.499,-4.1],[-19.599,-0.001]],"c":true},"ix":2},"nm":"Path 1","mn":"ADBE Vector Shape - Group","hd":false},{"ty":"fl","c":{"a":0,"k":[0.011764705882352941,0.19607843137254902,0.3254901960784314,1],"ix":4},"o":{"a":0,"k":100,"ix":5},"r":1,"bm":0,"nm":"Fill 1","mn":"ADBE Vector Graphic - Fill","hd":false},{"ty":"tr","p":{"a":0,"k":[260.989,83.045],"ix":2},"a":{"a":0,"k":[0,0],"ix":1},"s":{"a":0,"k":[100,100],"ix":3},"r":{"a":0,"k":0,"ix":6},"o":{"a":0,"k":100,"ix":7},"sk":{"a":0,"k":0,"ix":4},"sa":{"a":0,"k":0,"ix":5},"nm":"Transform"}],"nm":"Group 1","np":4,"cix":2,"bm":0,"ix":1,"mn":"ADBE Vector Group","hd":false},{"ty":"gr","it":[{"ind":0,"ty":"sh","ix":1,"ks":{"a":0,"k":{"i":[[0,0],[0,0],[0,0]],"o":[[0,0],[0,0],[0,0]],"v":[[-59.348,-22.917],[-78.878,2.919],[-77.245,-12.919]],"c":true},"ix":2},"nm":"Path 1","mn":"ADBE Vector Shape - Group","hd":false},{"ind":1,"ty":"sh","ix":2,"ks":{"a":0,"k":{"i":[[0,0],[-2.778,0],[-1.653,-1.248],[3.047,-4.033],[0,0],[0,0]],"o":[[1.8,-2.38],[1.925,0],[4.032,3.049],[0,0],[0,0],[0,0]],"v":[[6.161,-95.975],[13.485,-99.609],[19.003,-97.758],[20.788,-84.917],[13.886,-75.79],[-0.823,-86.736]],"c":true},"ix":2},"nm":"Path 2","mn":"ADBE Vector Shape - Group","hd":false},{"ind":2,"ty":"sh","ix":3,"ks":{"a":0,"k":{"i":[[0,0],[0,0],[0,0],[0,0]],"o":[[0,0],[0,0],[0,0],[0,0]],"v":[[1.095,-58.868],[-13.614,-69.815],[-5.768,-80.195],[8.941,-69.247]],"c":true},"ix":2},"nm":"Path 3","mn":"ADBE Vector Shape - Group","hd":false},{"ind":3,"ty":"sh","ix":4,"ks":{"a":0,"k":{"i":[[0,0],[0.608,-0.345],[0,0],[0.256,-0.253],[0,0],[0,0],[0,0]],"o":[[-0.422,0.559],[0,0],[-0.312,0.176],[0,0],[0,0],[0,0],[0,0]],"v":[[-25.852,-23.223],[-27.406,-21.861],[-62.406,-2.07],[-63.262,-1.424],[-71.248,6.424],[-18.559,-63.272],[-3.85,-52.326]],"c":true},"ix":2},"nm":"Path 4","mn":"ADBE Vector Shape - Group","hd":false},{"ind":4,"ty":"sh","ix":5,"ks":{"a":0,"k":{"i":[[0,0],[0,0],[0,0]],"o":[[0,0],[0,0],[0,0]],"v":[[-117.202,92.999],[-130.737,99.784],[-127.268,83.882]],"c":true},"ix":2},"nm":"Path 5","mn":"ADBE Vector Shape - Group","hd":false},{"ind":5,"ty":"sh","ix":6,"ks":{"a":0,"k":{"i":[[2.264,0],[0,0],[-0.314,0.742],[2.085,0.883],[0.882,-2.086],[15.049,0],[6.091,13.197],[1.6,0],[0,0],[0.672,-0.446],[0,0],[4.044,5.698],[-4.529,4.451],[0,0],[0,0],[-1.102,1.457],[0,0],[0,0],[-0.657,0],[0,0],[0,2.264],[2.265,0],[0,0],[0,0],[0,0],[7.64,5.775],[5.775,-7.64],[0,0],[0,0],[3.584,0],[0,0],[3.508,-2.97],[0,0],[-1.463,-1.729],[-1.164,0],[-0.77,0.652],[0,0],[-2.659,0],[0,0],[-1.77,-1.082],[0,0],[0,0],[0,0],[0.137,-1.329],[0,0],[0.015,-4.965],[0,0],[3.763,0],[0,5.088],[0,0],[-5.431,4.596],[0,0],[1.463,1.729],[1.73,-1.463],[0,0],[0,-9.53],[0,0],[-4.189,-3.186],[0,0],[0.291,-1.331],[0,0],[-1.75,-1.36],[-1.235,0],[-0.126,0.009],[-0.119,0],[0,0],[0,2.265],[2.266,0],[0,0],[0,0],[-0.872,1.155],[0,0],[1.807,1.366],[1.365,-1.806],[0,0],[0,0],[0,0],[-0.941,0],[-3.131,2.834],[-0.429,-0.605],[-1.988,-1.371],[0,0],[-1.807,-1.366],[-0.861,0],[-0.806,1.066],[0,0],[-4.85,3.216],[0,0],[0,0],[-16.826,0],[-8.5,10.853],[0,0],[0,2.264]],"o":[[0,0],[0.348,-0.719],[0.882,-2.086],[-2.086,-0.88],[-5.863,13.861],[-14.528,0],[-0.671,-1.452],[0,0],[-0.806,0],[0,0],[-5.823,3.86],[-3.677,-5.179],[0,0],[0,0],[1.59,-0.9],[0,0],[0,0],[0.585,0.303],[0,0],[2.265,0],[0,-2.265],[0,0],[0,0],[0,0],[5.775,-7.639],[-7.639,-5.776],[0,0],[0,0],[-3.059,-1.871],[0,0],[-4.597,0],[0,0],[-1.729,1.463],[0.811,0.958],[0.936,0],[0,0],[2.03,-1.718],[0,0],[2.073,0],[0,0],[0,0],[0,0],[-1.166,0.652],[0,0],[-3.463,3.931],[0,0],[-1.425,3.483],[-5.088,0],[0,0],[0,-7.114],[0,0],[1.729,-1.464],[-1.463,-1.728],[0,0],[-7.276,6.157],[0,0],[0,5.656],[0,0],[-0.822,1.087],[0,0],[-0.471,2.165],[1.027,0.796],[0.126,0],[0.115,0.01],[0,0],[2.266,0],[0,-2.264],[0,0],[0,0],[1.295,-0.649],[0,0],[1.366,-1.806],[-1.807,-1.365],[0,0],[0,0],[0,0],[0.9,0.144],[4.426,0],[0.357,0.632],[1.485,2.092],[0,0],[-1.365,1.807],[0.74,0.56],[1.242,0],[0,0],[5.26,1.05],[0,0],[0,0],[7.877,14.729],[14.246,0],[0,0],[2.264,0],[0,-2.265]],"v":[[135.9,38.773],[75.75,38.773],[76.75,36.587],[74.571,31.212],[69.197,33.392],[34.773,56.21],[0.832,34.486],[-2.892,32.104],[-39.828,32.104],[-42.094,32.786],[-66.39,48.892],[-83.987,45.616],[-82.515,28.996],[-57.9,4.801],[-23.37,-14.725],[-19.312,-18.276],[9.088,-55.844],[71.081,-23.645],[72.971,-23.184],[87.425,-23.184],[91.526,-27.283],[87.425,-31.384],[73.974,-31.384],[14.105,-62.48],[27.329,-79.973],[23.947,-104.301],[-0.382,-100.921],[-15.869,-80.434],[-16.889,-81.059],[-27.044,-83.919],[-53.38,-83.919],[-65.949,-79.313],[-87.694,-60.91],[-88.176,-55.13],[-85.044,-53.678],[-82.397,-54.649],[-60.651,-73.051],[-53.379,-75.716],[-27.043,-75.716],[-21.168,-74.061],[-20.838,-73.859],[-47.057,-39.175],[-83.106,-19.04],[-85.185,-15.88],[-89.325,24.277],[-94.588,38.094],[-94.983,39.061],[-103.523,44.794],[-112.749,35.568],[-112.749,-17.77],[-104.204,-36.195],[-95.753,-43.348],[-95.271,-49.126],[-101.05,-49.607],[-109.502,-42.455],[-120.95,-17.77],[-120.95,35.568],[-114.05,49.444],[-132.612,73.999],[-134.313,77.697],[-139.867,103.158],[-137.794,108.871],[-134.309,110.077],[-133.932,110.054],[-133.583,110.072],[10.02,110.072],[14.121,105.971],[10.02,101.872],[-116.601,101.872],[-108.172,97.645],[-104.857,94.887],[-96.386,83.68],[-97.184,77.935],[-102.928,78.734],[-110.164,88.309],[-123.807,75.951],[-106.287,52.775],[-103.523,52.996],[-91.849,48.507],[-90.674,50.363],[-85.412,55.564],[-92.365,64.76],[-91.566,70.504],[-89.097,71.335],[-85.823,69.707],[-77.622,58.859],[-61.856,55.727],[-38.592,40.303],[-5.429,40.305],[34.773,64.411],[70.632,46.973],[135.9,46.973],[140,42.874]],"c":true},"ix":2},"nm":"Path 6","mn":"ADBE Vector Shape - Group","hd":false},{"ty":"mm","mm":1,"nm":"Merge Paths 1","mn":"ADBE Vector Filter - Merge","hd":false},{"ty":"fl","c":{"a":0,"k":[0.011764705882352941,0.19607843137254902,0.3254901960784314,1],"ix":4},"o":{"a":0,"k":100,"ix":5},"r":1,"bm":0,"nm":"Fill 1","mn":"ADBE Vector Graphic - Fill","hd":false},{"ty":"tr","p":{"a":0,"k":[140.588,110.328],"ix":2},"a":{"a":0,"k":[0,0],"ix":1},"s":{"a":0,"k":[100,100],"ix":3},"r":{"a":0,"k":0,"ix":6},"o":{"a":0,"k":100,"ix":7},"sk":{"a":0,"k":0,"ix":4},"sa":{"a":0,"k":0,"ix":5},"nm":"Transform"}],"nm":"Group 2","np":10,"cix":2,"bm":0,"ix":2,"mn":"ADBE Vector Group","hd":false}],"ip":0,"op":211.000008594206,"st":0,"bm":0},{"ddd":0,"ind":6,"ty":4,"nm":"Layer 1/Live classes Outlines","sr":1,"ks":{"o":{"a":1,"k":[{"i":{"x":[0.833],"y":[0.833]},"o":{"x":[0.167],"y":[0.167]},"t":0,"s":[0]},{"i":{"x":[0.833],"y":[0.833]},"o":{"x":[0.167],"y":[0.167]},"t":10,"s":[100]},{"i":{"x":[0.833],"y":[0.833]},"o":{"x":[0.167],"y":[0.167]},"t":25,"s":[100]},{"t":35.0000014255792,"s":[0]}],"ix":11},"r":{"a":0,"k":0,"ix":10},"p":{"a":1,"k":[{"i":{"x":0.833,"y":0.833},"o":{"x":0.167,"y":0.167},"t":0,"s":[75.678,199.994,0],"to":[20.274,0,0],"ti":[-20.274,0,0]},{"i":{"x":0.833,"y":0.833},"o":{"x":0.167,"y":0.167},"t":10,"s":[197.322,199.994,0],"to":[0,0,0],"ti":[0,0,0]},{"i":{"x":0.833,"y":0.833},"o":{"x":0.167,"y":0.167},"t":25,"s":[197.322,199.994,0],"to":[21.187,0,0],"ti":[-21.187,0,0]},{"t":35.0000014255792,"s":[324.445,199.994,0]}],"ix":2},"a":{"a":0,"k":[117,140.5,0],"ix":1},"s":{"a":1,"k":[{"i":{"x":[0.833,0.833,0.833],"y":[0.833,0.833,0.833]},"o":{"x":[0.167,0.167,0.167],"y":[0.167,0.167,0.167]},"t":0,"s":[32,32,100]},{"i":{"x":[0.833,0.833,0.833],"y":[0.833,0.833,0.833]},"o":{"x":[0.167,0.167,0.167],"y":[0.167,0.167,0.167]},"t":10,"s":[70,70,100]},{"i":{"x":[0.833,0.833,0.833],"y":[0.833,0.833,0.833]},"o":{"x":[0.167,0.167,0.167],"y":[0.167,0.167,0.167]},"t":25,"s":[70,70,100]},{"t":35.0000014255792,"s":[32,32,100]}],"ix":6}},"ao":0,"shapes":[{"ty":"gr","it":[{"ind":0,"ty":"sh","ix":1,"ks":{"a":0,"k":{"i":[[-6.235,0],[0,-6.236],[6.235,0],[0,6.234]],"o":[[6.235,0],[0,6.234],[-6.235,0],[0,-6.236]],"v":[[0.001,-11.307],[11.308,0.001],[0.001,11.308],[-11.308,0.001]],"c":true},"ix":2},"nm":"Path 1","mn":"ADBE Vector Shape - Group","hd":false},{"ind":1,"ty":"sh","ix":2,"ks":{"a":0,"k":{"i":[[0,-10.761],[-10.761,0],[0,10.76],[10.76,0]],"o":[[0,10.76],[10.76,0],[0,-10.761],[-10.761,0]],"v":[[-19.516,0.001],[0.001,19.515],[19.516,0.001],[0.001,-19.515]],"c":true},"ix":2},"nm":"Path 2","mn":"ADBE Vector Shape - Group","hd":false},{"ty":"mm","mm":1,"nm":"Merge Paths 1","mn":"ADBE Vector Filter - Merge","hd":false},{"ty":"fl","c":{"a":0,"k":[0.011764705882352941,0.19607843137254902,0.3254901960784314,1],"ix":4},"o":{"a":0,"k":100,"ix":5},"r":1,"bm":0,"nm":"Fill 1","mn":"ADBE Vector Graphic - Fill","hd":false},{"ty":"tr","p":{"a":0,"k":[68.622,222.239],"ix":2},"a":{"a":0,"k":[0,0],"ix":1},"s":{"a":0,"k":[100,100],"ix":3},"r":{"a":0,"k":0,"ix":6},"o":{"a":0,"k":100,"ix":7},"sk":{"a":0,"k":0,"ix":4},"sa":{"a":0,"k":0,"ix":5},"nm":"Transform"}],"nm":"Group 1","np":4,"cix":2,"bm":0,"ix":1,"mn":"ADBE Vector Group","hd":false},{"ty":"gr","it":[{"ind":0,"ty":"sh","ix":1,"ks":{"a":0,"k":{"i":[[0,-15.287],[-2.267,0],[0,2.267],[19.812,0],[0,-2.268],[-2.267,0]],"o":[[0,2.267],[2.267,0],[0,-19.812],[-2.267,0],[0,2.266],[15.287,0]],"v":[[11.81,15.914],[15.913,20.018],[20.018,15.914],[-15.913,-20.018],[-20.018,-15.913],[-15.913,-11.81]],"c":true},"ix":2},"nm":"Path 1","mn":"ADBE Vector Shape - Group","hd":false},{"ty":"fl","c":{"a":0,"k":[0.011764705882352941,0.19607843137254902,0.3254901960784314,1],"ix":4},"o":{"a":0,"k":100,"ix":5},"r":1,"bm":0,"nm":"Fill 1","mn":"ADBE Vector Graphic - Fill","hd":false},{"ty":"tr","p":{"a":0,"k":[84.537,206.325],"ix":2},"a":{"a":0,"k":[0,0],"ix":1},"s":{"a":0,"k":[100,100],"ix":3},"r":{"a":0,"k":0,"ix":6},"o":{"a":0,"k":100,"ix":7},"sk":{"a":0,"k":0,"ix":4},"sa":{"a":0,"k":0,"ix":5},"nm":"Transform"}],"nm":"Group 2","np":2,"cix":2,"bm":0,"ix":2,"mn":"ADBE Vector Group","hd":false},{"ty":"gr","it":[{"ind":0,"ty":"sh","ix":1,"ks":{"a":0,"k":{"i":[[28.864,0],[0,-2.267],[-2.267,0],[0,-24.338],[-2.267,0],[0,2.267]],"o":[[-2.267,0],[0,2.267],[24.339,0],[0,2.267],[2.267,0],[0,-28.865]],"v":[[-24.122,-28.225],[-28.226,-24.121],[-24.122,-20.018],[20.017,24.121],[24.121,28.225],[28.226,24.121]],"c":true},"ix":2},"nm":"Path 1","mn":"ADBE Vector Shape - Group","hd":false},{"ty":"fl","c":{"a":0,"k":[0.011764705882352941,0.19607843137254902,0.3254901960784314,1],"ix":4},"o":{"a":0,"k":100,"ix":5},"r":1,"bm":0,"nm":"Fill 1","mn":"ADBE Vector Graphic - Fill","hd":false},{"ty":"tr","p":{"a":0,"k":[92.745,198.118],"ix":2},"a":{"a":0,"k":[0,0],"ix":1},"s":{"a":0,"k":[100,100],"ix":3},"r":{"a":0,"k":0,"ix":6},"o":{"a":0,"k":100,"ix":7},"sk":{"a":0,"k":0,"ix":4},"sa":{"a":0,"k":0,"ix":5},"nm":"Transform"}],"nm":"Group 3","np":2,"cix":2,"bm":0,"ix":3,"mn":"ADBE Vector Group","hd":false},{"ty":"gr","it":[{"ind":0,"ty":"sh","ix":1,"ks":{"a":0,"k":{"i":[[8.777,0],[0,0],[0,-2.268],[-2.268,0],[0,0],[0,-4.252],[0,0],[4.252,0],[0,0],[0,4.252],[0,0],[-4.251,0],[0,0],[0,2.267],[2.267,0],[0,0],[0,-8.777],[0,0],[-8.777,0],[0,0],[0,8.777],[0,0]],"o":[[0,0],[-2.268,0],[0,2.267],[0,0],[4.252,0],[0,0],[0,4.252],[0,0],[-4.251,0],[0,0],[0,-4.252],[0,0],[2.267,0],[0,-2.268],[0,0],[-8.777,0],[0,0],[0,8.777],[0,0],[8.777,0],[0,0],[0,-8.777]],"v":[[55.495,-34.82],[44.348,-34.82],[40.242,-30.716],[44.348,-26.612],[55.495,-26.612],[63.204,-18.902],[63.204,18.902],[55.495,26.612],[-55.494,26.612],[-63.204,18.902],[-63.204,-18.902],[-55.494,-26.612],[26.857,-26.612],[30.96,-30.716],[26.857,-34.82],[-55.494,-34.82],[-71.412,-18.902],[-71.412,18.902],[-55.494,34.82],[55.495,34.82],[71.412,18.902],[71.412,-18.902]],"c":true},"ix":2},"nm":"Path 1","mn":"ADBE Vector Shape - Group","hd":false},{"ty":"fl","c":{"a":0,"k":[0.011764705882352941,0.19607843137254902,0.3254901960784314,1],"ix":4},"o":{"a":0,"k":100,"ix":5},"r":1,"bm":0,"nm":"Fill 1","mn":"ADBE Vector Graphic - Fill","hd":false},{"ty":"tr","p":{"a":0,"k":[161.931,93.777],"ix":2},"a":{"a":0,"k":[0,0],"ix":1},"s":{"a":0,"k":[100,100],"ix":3},"r":{"a":0,"k":0,"ix":6},"o":{"a":0,"k":100,"ix":7},"sk":{"a":0,"k":0,"ix":4},"sa":{"a":0,"k":0,"ix":5},"nm":"Transform"}],"nm":"Group 4","np":2,"cix":2,"bm":0,"ix":4,"mn":"ADBE Vector Group","hd":false},{"ty":"gr","it":[{"ind":0,"ty":"sh","ix":1,"ks":{"a":0,"k":{"i":[[0,0],[0,2.267],[2.268,0],[0,0],[0,-3.628],[0,0],[-3.627,0],[0,0],[0,2.267],[2.268,0],[0,0],[0,0],[0,0],[0,2.267],[2.267,0],[0,0],[0,0]],"o":[[2.268,0],[0,-2.267],[0,0],[-3.628,0],[0,0],[0,3.627],[0,0],[2.268,0],[0,-2.267],[0,0],[0,0],[0,0],[2.267,0],[0,-2.267],[0,0],[0,0],[0,0]],"v":[[6.733,-11.215],[10.837,-15.319],[6.733,-19.423],[-4.259,-19.423],[-10.837,-12.843],[-10.837,12.844],[-4.259,19.423],[6.733,19.423],[10.837,15.318],[6.733,11.214],[-2.63,11.214],[-2.63,4.651],[2.694,4.651],[6.797,0.547],[2.694,-3.557],[-2.63,-3.557],[-2.63,-11.215]],"c":true},"ix":2},"nm":"Path 1","mn":"ADBE Vector Shape - Group","hd":false},{"ty":"fl","c":{"a":0,"k":[0.011764705882352941,0.19607843137254902,0.3254901960784314,1],"ix":4},"o":{"a":0,"k":100,"ix":5},"r":1,"bm":0,"nm":"Fill 1","mn":"ADBE Vector Graphic - Fill","hd":false},{"ty":"tr","p":{"a":0,"k":[201.066,93.227],"ix":2},"a":{"a":0,"k":[0,0],"ix":1},"s":{"a":0,"k":[100,100],"ix":3},"r":{"a":0,"k":0,"ix":6},"o":{"a":0,"k":100,"ix":7},"sk":{"a":0,"k":0,"ix":4},"sa":{"a":0,"k":0,"ix":5},"nm":"Transform"}],"nm":"Group 5","np":2,"cix":2,"bm":0,"ix":5,"mn":"ADBE Vector Group","hd":false},{"ty":"gr","it":[{"ind":0,"ty":"sh","ix":1,"ks":{"a":0,"k":{"i":[[0.601,-2.186],[0,0],[0,0],[2.207,-0.518],[-0.522,-2.205],[0,0],[-1.875,-0.033],[-0.024,0],[-0.49,1.784],[0,0],[2.185,0.6]],"o":[[0,0],[0,0],[-0.521,-2.206],[-2.205,0.522],[0,0],[0.432,1.825],[0.025,0.001],[1.845,0],[0,0],[0.6,-2.186],[-2.188,-0.599]],"v":[[3.852,-16.18],[-0.309,-1.03],[-3.859,-16.037],[-8.797,-19.087],[-11.846,-14.149],[-4.601,16.49],[-0.68,19.648],[-0.606,19.65],[3.351,16.633],[11.768,-14.006],[8.898,-19.051]],"c":true},"ix":2},"nm":"Path 1","mn":"ADBE Vector Shape - Group","hd":false},{"ty":"fl","c":{"a":0,"k":[0.011764705882352941,0.19607843137254902,0.3254901960784314,1],"ix":4},"o":{"a":0,"k":100,"ix":5},"r":1,"bm":0,"nm":"Fill 1","mn":"ADBE Vector Graphic - Fill","hd":false},{"ty":"tr","p":{"a":0,"k":[172.72,93.002],"ix":2},"a":{"a":0,"k":[0,0],"ix":1},"s":{"a":0,"k":[100,100],"ix":3},"r":{"a":0,"k":0,"ix":6},"o":{"a":0,"k":100,"ix":7},"sk":{"a":0,"k":0,"ix":4},"sa":{"a":0,"k":0,"ix":5},"nm":"Transform"}],"nm":"Group 6","np":2,"cix":2,"bm":0,"ix":6,"mn":"ADBE Vector Group","hd":false},{"ty":"gr","it":[{"ind":0,"ty":"sh","ix":1,"ks":{"a":0,"k":{"i":[[0,-2.267],[0,0],[-2.267,0],[0,2.267],[0,0],[2.267,0]],"o":[[0,0],[0,2.267],[2.267,0],[0,0],[0,-2.267],[-2.267,0]],"v":[[-4.104,-15.319],[-4.104,15.319],[0,19.423],[4.103,15.319],[4.103,-15.319],[0,-19.423]],"c":true},"ix":2},"nm":"Path 1","mn":"ADBE Vector Shape - Group","hd":false},{"ty":"fl","c":{"a":0,"k":[0.011764705882352941,0.19607843137254902,0.3254901960784314,1],"ix":4},"o":{"a":0,"k":100,"ix":5},"r":1,"bm":0,"nm":"Fill 1","mn":"ADBE Vector Graphic - Fill","hd":false},{"ty":"tr","p":{"a":0,"k":[149.892,93.228],"ix":2},"a":{"a":0,"k":[0,0],"ix":1},"s":{"a":0,"k":[100,100],"ix":3},"r":{"a":0,"k":0,"ix":6},"o":{"a":0,"k":100,"ix":7},"sk":{"a":0,"k":0,"ix":4},"sa":{"a":0,"k":0,"ix":5},"nm":"Transform"}],"nm":"Group 7","np":2,"cix":2,"bm":0,"ix":7,"mn":"ADBE Vector Group","hd":false},{"ty":"gr","it":[{"ind":0,"ty":"sh","ix":1,"ks":{"a":0,"k":{"i":[[2.267,0],[0,-2.267],[0,0],[-2.267,0],[0,0],[0,2.267],[2.267,0],[0,0],[0,0]],"o":[[-2.267,0],[0,0],[0,2.267],[0,0],[2.267,0],[0,-2.267],[0,0],[0,0],[0,-2.267]],"v":[[-6.06,-19.423],[-10.164,-15.319],[-10.164,15.319],[-6.06,19.423],[6.06,19.423],[10.165,15.319],[6.06,11.215],[-1.956,11.215],[-1.956,-15.319]],"c":true},"ix":2},"nm":"Path 1","mn":"ADBE Vector Shape - Group","hd":false},{"ty":"fl","c":{"a":0,"k":[0.011764705882352941,0.19607843137254902,0.3254901960784314,1],"ix":4},"o":{"a":0,"k":100,"ix":5},"r":1,"bm":0,"nm":"Fill 1","mn":"ADBE Vector Graphic - Fill","hd":false},{"ty":"tr","p":{"a":0,"k":[128.681,93.227],"ix":2},"a":{"a":0,"k":[0,0],"ix":1},"s":{"a":0,"k":[100,100],"ix":3},"r":{"a":0,"k":0,"ix":6},"o":{"a":0,"k":100,"ix":7},"sk":{"a":0,"k":0,"ix":4},"sa":{"a":0,"k":0,"ix":5},"nm":"Transform"}],"nm":"Group 8","np":2,"cix":2,"bm":0,"ix":8,"mn":"ADBE Vector Group","hd":false},{"ty":"gr","it":[{"ind":0,"ty":"sh","ix":1,"ks":{"a":0,"k":{"i":[[-2.267,0],[0,2.267],[0,0],[7.206,0],[0,0],[0.396,-1.941],[2.674,0],[0,0],[0.533,2.656],[1.956,0],[0,0],[0,-7.206],[0,0],[-2.291,0],[0,2.267],[0.034,0.211],[0,0],[-2.68,0],[0,0],[-5.403,0],[0,0],[-2.254,4.695],[0,0],[0,-2.681],[0,0]],"o":[[2.267,0],[0,0],[0,-7.206],[0,0],[-1.964,0],[-0.527,2.621],[0,0],[-2.674,0],[-0.4,-1.914],[0,0],[-7.206,0],[0,0],[0,2.291],[2.267,0],[0,-0.219],[0,0],[0,-2.68],[0,0],[2.261,4.704],[0,0],[5.409,0],[0,0],[2.681,0],[0,0],[0,2.267]],"v":[[65.061,17.041],[69.165,12.937],[69.165,-3.971],[56.095,-17.041],[36.89,-17.041],[32.818,-13.702],[27.296,-9.177],[-27.296,-9.177],[-32.824,-13.737],[-36.89,-17.04],[-56.095,-17.04],[-69.165,-3.971],[-69.165,10.762],[-65.01,14.916],[-60.906,10.812],[-60.956,10.167],[-60.956,-3.971],[-56.095,-8.833],[-39.775,-8.833],[-27.294,-0.97],[27.297,-0.97],[39.782,-8.833],[56.095,-8.833],[60.957,-3.971],[60.957,12.937]],"c":true},"ix":2},"nm":"Path 1","mn":"ADBE Vector Shape - Group","hd":false},{"ty":"fl","c":{"a":0,"k":[0.011764705882352941,0.19607843137254902,0.3254901960784314,1],"ix":4},"o":{"a":0,"k":100,"ix":5},"r":1,"bm":0,"nm":"Fill 1","mn":"ADBE Vector Graphic - Fill","hd":false},{"ty":"tr","p":{"a":0,"k":[85.83,33.706],"ix":2},"a":{"a":0,"k":[0,0],"ix":1},"s":{"a":0,"k":[100,100],"ix":3},"r":{"a":0,"k":0,"ix":6},"o":{"a":0,"k":100,"ix":7},"sk":{"a":0,"k":0,"ix":4},"sa":{"a":0,"k":0,"ix":5},"nm":"Transform"}],"nm":"Group 9","np":2,"cix":2,"bm":0,"ix":9,"mn":"ADBE Vector Group","hd":false},{"ty":"gr","it":[{"ind":0,"ty":"sh","ix":1,"ks":{"a":0,"k":{"i":[[0,0.219],[2.267,0],[0,-2.291],[0,0],[-7.207,0],[0,0],[0,2.266],[2.267,0],[0,0],[0,2.679],[0,0]],"o":[[0,-2.267],[-2.291,0],[0,0],[0,7.206],[0,0],[2.267,0],[0,-2.267],[0,0],[-2.68,0],[0,0],[0.032,-0.21]],"v":[[-5.131,-98.862],[-9.235,-102.966],[-13.389,-98.812],[-13.389,89.896],[-0.32,102.966],[9.284,102.966],[13.389,98.861],[9.284,94.757],[-0.32,94.757],[-5.181,89.896],[-5.181,-98.218]],"c":true},"ix":2},"nm":"Path 1","mn":"ADBE Vector Shape - Group","hd":false},{"ty":"fl","c":{"a":0,"k":[0.011764705882352941,0.19607843137254902,0.3254901960784314,1],"ix":4},"o":{"a":0,"k":100,"ix":5},"r":1,"bm":0,"nm":"Fill 1","mn":"ADBE Vector Graphic - Fill","hd":false},{"ty":"tr","p":{"a":0,"k":[30.056,160.869],"ix":2},"a":{"a":0,"k":[0,0],"ix":1},"s":{"a":0,"k":[100,100],"ix":3},"r":{"a":0,"k":0,"ix":6},"o":{"a":0,"k":100,"ix":7},"sk":{"a":0,"k":0,"ix":4},"sa":{"a":0,"k":0,"ix":5},"nm":"Transform"}],"nm":"Group 10","np":2,"cix":2,"bm":0,"ix":10,"mn":"ADBE Vector Group","hd":false},{"ty":"gr","it":[{"ind":0,"ty":"sh","ix":1,"ks":{"a":0,"k":{"i":[[-2.267,0],[0,0],[0,7.208],[0,0],[2.267,0],[0,-2.267],[0,0],[2.682,0],[0,0],[0,-2.268]],"o":[[0,0],[7.206,0],[0,0],[0,-2.267],[-2.267,0],[0,0],[0,2.68],[0,0],[-2.267,0],[0,2.265]],"v":[[-47.031,63.516],[38.065,63.516],[51.135,50.445],[51.135,-59.412],[47.031,-63.516],[42.927,-59.412],[42.927,50.445],[38.065,55.307],[-47.031,55.307],[-51.135,59.412]],"c":true},"ix":2},"nm":"Path 1","mn":"ADBE Vector Shape - Group","hd":false},{"ty":"fl","c":{"a":0,"k":[0.011764705882352941,0.19607843137254902,0.3254901960784314,1],"ix":4},"o":{"a":0,"k":100,"ix":5},"r":1,"bm":0,"nm":"Fill 1","mn":"ADBE Vector Graphic - Fill","hd":false},{"ty":"tr","p":{"a":0,"k":[103.86,200.319],"ix":2},"a":{"a":0,"k":[0,0],"ix":1},"s":{"a":0,"k":[100,100],"ix":3},"r":{"a":0,"k":0,"ix":6},"o":{"a":0,"k":100,"ix":7},"sk":{"a":0,"k":0,"ix":4},"sa":{"a":0,"k":0,"ix":5},"nm":"Transform"}],"nm":"Group 11","np":2,"cix":2,"bm":0,"ix":11,"mn":"ADBE Vector Group","hd":false},{"ty":"gr","it":[{"ind":0,"ty":"sh","ix":1,"ks":{"a":0,"k":{"i":[[2.266,0],[0,-2.267],[0,0],[11.705,0],[0,0],[0,11.703],[0,0],[-11.705,0],[0,0],[0,-11.705],[0,0],[-2.268,0],[0,2.267],[0,0],[16.23,0],[0,0],[0,-16.231],[0,0],[-16.231,0],[0,0],[0,16.231],[0,0]],"o":[[-2.268,0],[0,0],[0,11.703],[0,0],[-11.705,0],[0,0],[0,-11.705],[0,0],[11.705,0],[0,0],[0,2.267],[2.267,0],[0,0],[0,-16.231],[0,0],[-16.231,0],[0,0],[0,16.231],[0,0],[16.23,0],[0,0],[0,-2.267]],"v":[[81.477,-3.447],[77.373,0.657],[77.373,110.565],[56.145,131.791],[-56.145,131.791],[-77.372,110.565],[-77.372,-110.565],[-56.145,-131.792],[56.145,-131.792],[77.373,-110.565],[77.373,-93.607],[81.477,-89.503],[85.581,-93.607],[85.581,-110.565],[56.145,-140],[-56.145,-140],[-85.581,-110.565],[-85.581,110.565],[-56.145,140],[56.145,140],[85.581,110.565],[85.581,0.657]],"c":true},"ix":2},"nm":"Path 1","mn":"ADBE Vector Shape - Group","hd":false},{"ty":"fl","c":{"a":0,"k":[0.011764705882352941,0.19607843137254902,0.3254901960784314,1],"ix":4},"o":{"a":0,"k":100,"ix":5},"r":1,"bm":0,"nm":"Fill 1","mn":"ADBE Vector Graphic - Fill","hd":false},{"ty":"tr","p":{"a":0,"k":[85.83,140.25],"ix":2},"a":{"a":0,"k":[0,0],"ix":1},"s":{"a":0,"k":[100,100],"ix":3},"r":{"a":0,"k":0,"ix":6},"o":{"a":0,"k":100,"ix":7},"sk":{"a":0,"k":0,"ix":4},"sa":{"a":0,"k":0,"ix":5},"nm":"Transform"}],"nm":"Group 12","np":4,"cix":2,"bm":0,"ix":12,"mn":"ADBE Vector Group","hd":false}],"ip":211.000008594206,"op":211.000008594206,"st":0,"bm":0,"hidden":0},{"ddd":0,"ind":7,"ty":4,"nm":"Animation","sr":1,"ks":{"o":{"a":0,"k":100,"ix":11},"r":{"a":0,"k":0,"ix":10},"p":{"a":0,"k":[200,200,0],"ix":2},"a":{"a":0,"k":[0,0,0],"ix":1},"s":{"a":0,"k":[100,100,100],"ix":6}},"ao":0,"shapes":[{"ty":"gr","it":[{"d":1,"ty":"el","s":{"a":0,"k":[347.397,347.397],"ix":2},"p":{"a":0,"k":[0,0],"ix":3},"nm":"Ellipse Path 1","mn":"ADBE Vector Shape - Ellipse","hd":false},{"ty":"st","c":{"a":0,"k":[0.027450980392156862,0.14901960784313725,0.2784313725490196,1],"ix":3},"o":{"a":0,"k":100,"ix":4},"w":{"a":0,"k":18,"ix":5},"lc":2,"lj":1,"ml":4,"bm":0,"nm":"Stroke 1","mn":"ADBE Vector Graphic - Stroke","hd":false},{"ty":"tr","p":{"a":0,"k":[0,0.548],"ix":2},"a":{"a":0,"k":[0,0],"ix":1},"s":{"a":0,"k":[104.902,104.902],"ix":3},"r":{"a":0,"k":0,"ix":6},"o":{"a":0,"k":100,"ix":7},"sk":{"a":0,"k":0,"ix":4},"sa":{"a":0,"k":0,"ix":5},"nm":"Transform"}],"nm":"Ellipse 1","np":3,"cix":2,"bm":0,"ix":1,"mn":"ADBE Vector Group","hd":false},{"ty":"tm","s":{"a":1,"k":[{"i":{"x":[0.833],"y":[0.833]},"o":{"x":[0.167],"y":[0.167]},"t":0,"s":[0]},{"t":300.00001221925,"s":[0]}],"ix":1},"e":{"a":1,"k":[{"i":{"x":[0.833],"y":[0.833]},"o":{"x":[0.167],"y":[0.167]},"t":0,"s":[10]},{"t":300.00001221925,"s":[10]}],"ix":2},"o":{"a":1,"k":[{"i":{"x":[0.833],"y":[0.833]},"o":{"x":[0.167],"y":[0.167]},"t":0,"s":[359]},{"t":300.00001221925,"s":[3599]}],"ix":3},"m":1,"ix":2,"nm":"Trim Paths 1","mn":"ADBE Vector Filter - Trim","hd":false}],"ip":0,"op":211.000008594206,"st":0,"bm":0},{"ddd":0,"ind":8,"ty":4,"nm":"Path","sr":1,"ks":{"o":{"a":0,"k":25,"ix":11},"r":{"a":0,"k":0,"ix":10},"p":{"a":0,"k":[200,200,0],"ix":2},"a":{"a":0,"k":[0,0,0],"ix":1},"s":{"a":0,"k":[100,100,100],"ix":6}},"ao":0,"shapes":[{"ty":"gr","it":[{"d":1,"ty":"el","s":{"a":0,"k":[347.397,347.397],"ix":2},"p":{"a":0,"k":[0,0],"ix":3},"nm":"Ellipse Path 1","mn":"ADBE Vector Shape - Ellipse","hd":false},{"ty":"st","c":{"a":0,"k":[0.027450980392156862,0.14901960784313725,0.2784313725490196,1],"ix":3},"o":{"a":0,"k":100,"ix":4},"w":{"a":0,"k":18,"ix":5},"lc":1,"lj":1,"ml":4,"bm":0,"nm":"Stroke 1","mn":"ADBE Vector Graphic - Stroke","hd":false},{"ty":"tr","p":{"a":0,"k":[0,0.548],"ix":2},"a":{"a":0,"k":[0,0],"ix":1},"s":{"a":0,"k":[104.902,104.902],"ix":3},"r":{"a":0,"k":0,"ix":6},"o":{"a":0,"k":100,"ix":7},"sk":{"a":0,"k":0,"ix":4},"sa":{"a":0,"k":0,"ix":5},"nm":"Transform"}],"nm":"Ellipse 1","np":3,"cix":2,"bm":0,"ix":1,"mn":"ADBE Vector Group","hd":false}],"ip":0,"op":211.000008594206,"st":0,"bm":0}],"markers":[]}